tender_id,tts_reference,description,vendor,department_name,director_name,status,financial_year,decision_date,award_value,budget_value,s33_award,decision_code,award_reason
3387,318S/2024/25,"PANEL OF LEGAL SERVICE PROVIDERS FOR CONVEYANCING SERVICES ON AN AS-AND-WHEN REQUIRED BASIS","Unspecified / Panel","ECONOMIC GROWTH - Property Transactions","ECONOMIC GROWTH ",Cancelled,2025-2026,2026-01-19,NULL,NULL,0,Approved,Cancellation
3388,041C/2024/25,"PANEL OF LEGAL SERVICE PROVIDERS FOR LEGAL SUPPORT, OPINIONS AND MISCELLANEOUS LEGAL SERVICES AS AND WHEN REQUIRED","Mamatela Attorneys Incorporated
Timothy and Timothy Inc Ua Timothy and Timothy Attorneys
Herold Gie & Broadhead Incorporated Ua Herold Gie Attorneys
Diale Mogashoa Inc
Von Lieres Cooper & Barlow
Salijee Govender van der Merwe Attorney Inc.
Riley Incorporated
CK Attorneys
Cluver Markotter Inc.
Cullinan and Associates Incorporated","Office of the City Manager - Legal Services","OFFICE OF THE CITY MANAGER ","Preferred Bidder",2025-2026,2026-01-19,NULL,NULL,0,Approved,"Preferred Bidder"
3389,140G/2023/24,"Appointment of a panel of IT contractors for computer hardware peripherals for the City of Cape town","Madge Computers (Pty) Ltd t/a Madge Computers","Corporate Services - Information Systems & Technology","CORPORATE SERVICES ","Active Contract",2025-2026,2026-01-19,NULL,NULL,0,Approved,"Award: Highest Adjudication Points"
3390,140G/2023/24,"Appointment of a panel of IT contractors for computer hardware peripherals for the City of Cape Town","Madge Computers (Pty) Ltd t/a Madge Computers","Corporate Services - Information Systems & Technology","CORPORATE SERVICES ","Active Contract",2025-2026,2026-01-19,NULL,NULL,0,Approved,"Award: Highest Adjudication Points"
3391,218S/2024/25,"APPOINTMENT OF AN ACCREDITED SERVICE PROVIDER TO PROVIDE IN-HOUSE COMPETENCE (NON-ACCREDITED) AND ACCREDITED (CREDIT BEARING) ADMINISTRATION AND GENERIC SKILLS TRAINING FOR THE CITY OF CAPE TOWN EMPLOYEES.","Work Skills Resources CC
llearn Corporate Services (Pty) Ltd t/a iLeam","CORPORATE SERVICES - Human Resources ","CORPORATE SERVICES ",Appeals,2025-2026,2026-01-19,NULL,NULL,0,Approved,"Award: Highest Adjudication Points"
3392,242S/2023/24,"Appointment of a Panel of Service Providers for the Provision of SAP Services to the City of Cape Town. Project: Integration and Enhancement of PPM","SP Practice Consulting Services (Pty) Ltd t/a SPPRACSpecialised 
Project","Corporate Services - Information Systems & Technology","CORPORATE SERVICES ","Active Contract",2025-2026,2026-01-19,NULL,970071.00,0,Approved,"Award: Highest Adjudication Points"
3393,107Q/2018/19,"TENDER FOR CIVIL ENGINEERING WORKS WITHIN THE CITY OF CAPE TOWN.","Nejeni Construction and Project Management (Pty) Ltd","Human Settlements - Informal Settlements","HUMAN SETTLEMENTS ","Active Contract",2025-2026,2026-01-19,NULL,NULL,0,Approved,Expansion
3394,324S/2024/25,"SUPPLY, INSTALL AND MAINTAIN AN INFORMATION TECHNOLOGY SERVICE MANAGEMENT (ITSM) SOLUTION","Quintica SA (Pty) Ltd 
Columbus Technologies (Pty) Ltd","Corporate Services - Information Systems & Technology","CORPORATE SERVICES ","Report Ready",2025-2026,2026-01-19,NULL,NULL,0,Approved,"Preferred Bidder"
3395,068C/2019/20,"AMENDMENT OF CONTRACT NO. 68C/2019/20: PROVISION OF PROFESSIONAL SERVICES FOR THE DETAILED DESIGN AND CONSTRUCTION MONITORING OF THE GORDONS BAY SEWER PUMP STATION AND RISING MAIN","Zutari (Pty) Ltd","Water & Sanitation - Distribution Services","WATER & SANITATION ","Active Contract",2025-2026,2026-01-19,NULL,12135544.87,0,Approved,Amendment
3396,271Q/2022/23,"AMENDMENT OF CONTRACT NO. 271 Q/2022/23: CONSTRUCTION OF GORDON'S BAY SEWAGE PUMP STATION AND RISING MAIN","Asla Construction (Pty) Ltd.","Water & Sanitation - Distribution Services","WATER & SANITATION ","Active Contract",2025-2026,2026-01-19,NULL,16557459.55,0,Approved,Amendment
3397,295G//2024/25,"EXTENSION OF THE SUPPLY AND DELIVERY OF ELECTRICITY METERS","Unspecified / Panel","Energy - Electricity Generation & Distribution","ENERGY ",Cancelled,2025-2026,2026-01-26,NULL,NULL,0,Approved,Cancellation
3398,048G/2025/26,"SUPPLY AND DELIVERY OF PERSONAL PROTECTIVE EQUIPMENT (CLOTHING) AND ACCESSORIES TO THE CITY OF CAPE TOWN ON AN ADHOC BASIS","Priscilla Berenice Southgate t/a P.B Creations, Premesh Sastri Narismulu t/a Rainmaker Trading, Mosuli Consultants (Pty) Ltd. t/a Sakhelene (Pty) Ltd., Memotek Trading CC, KTP Procurement & Logistics CC t/a KTP Procurement & Safety Supplies (Main), lntergrum Global Solutions (Pty) Ltd., African Compass Trading 288 CC t/a Innovative Networking, and Uhambo Procurement and Distribution (Main Offer)","FINANCE - Supply Chain Management","FINANCE ","Report Ready",2025-2026,2026-01-26,NULL,NULL,0,Approved,"Preferred Bidder"
3399,059G/2025/26,"SUPPLY AND DELIVERY OF VARIOUS MOTORCYCLES AND ALL-TERRAIN VEHICLES TO THE CITY OF CAPE TOWN ON AN AD-HOC BASIS","Donford (Pty) Ltd. t/a BMW Motorrad Stellenbosch","CORPORATE SERVICES - Fleet Management","CORPORATE SERVICES ",Appeals,2025-2026,2026-01-26,NULL,NULL,0,Approved,"Award: Highest Adjudication Points"
3400,239G/2024/25,"SUPPLY AND DELIVERY OF CLEANING MATERIALS ON AN AD-HOC BASIS ","Kwapele Basadi-Cleanit CC, Tridentchem (Pty) Ltd. and SSG Cleaning (Pty) Ltd.","FINANCE - Supply Chain Management","FINANCE ","Preferred Bidder",2025-2026,2026-01-26,NULL,NULL,0,Approved,"Preferred Bidder"
3401,326G/2024/25,"SUPPLY AND DELIVERY OF VARIOUS LIGHT COMMERCIAL AND PASSENGER VEHICLES ","Bellmo Trans (Pty) Ltd. t/a Protea Toyota, Rapitrade 248 (Pty) Ltd., Isuzu Truck Centre (Pty) Ltd.","CORPORATE SERVICES - Fleet Management","CORPORATE SERVICES ","Report Ready",2025-2026,2026-01-26,NULL,NULL,0,Approved,"Award: Highest Adjudication Points"
3402,007Q/2025/266,"BLUEBERRY HILL HOUSING PROJECT: CONSTRUCTION OF CIVIL AND ELECTRICAL INFRASTRUCTURE FOR ERF RE/1901, STAGE 1","Unspecified / Panel","HUMAN SETTLEMENTS - Housing Development","HUMAN SETTLEMENTS ","Report Ready",2025-2026,2026-01-26,NULL,NULL,0,"Referred Back","Award: Highest Adjudication Points"
3403,037S/2025/26,"MAINTENANCE, CALIBRATION AND REPAIRS OF ELECTRICAL MEASURING AND TEST EQUIPMENT ","Southern Africa Fault Location (Pty) Ltd.","ENERGY - Electricity Generation & Distribution ","ENERGY ",Appeals,2025-2026,2026-01-26,NULL,NULL,0,Approved,"Award: Highest Adjudication Points"
3404,055S/2025/26,"PANEL TENDER FOR THE CUSTOMISATION AND CONVERSION OF CCT PASSENGER LIGHT, HEAVY, COMMERCIAL AND ALL-TERRAIN VEHICLES","Pad Panelbeaters CC t/a PAD Autobody and Ramcom Cape (Pty) Ltd.","CORPORATE SERVICES - Fleet Management","CORPORATE SERVICES ",Appeals,2025-2026,2026-01-26,NULL,NULL,0,Approved,"Award: New Panel"
3405,067S/2025/26,"CALIBRATING, SERVICING AND REPAIRS OF MEDICAL EQUIPMENT FOR THE CITY OF CAPE TOWN FACILITIES","Bioworld Medical SA (Pty) Ltd. t/a Bioworld SA","COMMUNITY SERVICES & HEALTH - City Health","COMMUNITY SERVICES & HEALTH ","Drafting PB Report",2025-2026,2026-01-26,NULL,NULL,0,Approved,"Preferred Bidder"
3406,075S/2025/26,"PROVISION OF A SERVICE SOLUTION TO PROVIDE ACOUSTIC SURVEILLANCE FOR GUNSHOT DETECTION","Shotspotter (Pty) Ltd.","SAFETY & SECURITY - Metropolitan Police Services","SAFETY & SECURITY ","Drafting PB Report",2025-2026,2026-01-26,NULL,NULL,0,Approved,"Preferred Bidder"
3407,081S/2025/26,"SUPPLY, INSTALLATION AND MAINTENANCE OF AN AUDIT ELECTRONIC WORKING PAPER SOLUTION","IDI Technology Solutions (Pty) Ltd.","OFFICE OF THE CITY MANAGER - Internal Audit","OFFICE OF THE CITY MANAGER ",Appeals,2025-2026,2026-01-26,NULL,NULL,0,Approved,"Award: Highest Adjudication Points"
3409,155C/2022/23,"PROVISION OF PROFESSIONAL SERVICES: PLANNING, PRELIMINARY DESIGN, CONCEPT DESIGN, DETAILED DESIGN, TENDER DOCUMENTATION AND CONSTRUCTION SUPERVISION FOR A CITY-WIDE PUBLIC TRANSPORT INFRASTRUCTURE PROGRAMME AND RELATED INFRASTRUCTUREc","Knight Piesold (Pty) Ltd. (Region East), Ensync Engineers (Pty) Ltd. previously PHB Engineers (Pty) Ltd. (Region South), MPAMOT Africa (Pty) Ltd./ EAS Infrastructure Engineers (Pty) Ltd. JV (Region North), OWS Civils (Pty) Ltd. (Region Central) as Main Contractors and Siroccon International (Pty) Ltd. (Region East), SMEC South Africa (Pty) Ltd. (Region South) and Ralema Consulting Engineers (Pty) Ltd. (Region North) as Standby Contractors.","URBAN MOBILITY - Transport Planning & Network Management ","URBAN MOBILITY ","Active Contract",2025-2026,2026-01-26,NULL,NULL,0,Approved,Amendment
3410,"027Q/2022/23 ","TERM TENDER FOR BUILDING MAINTENANCE, ALTERATIONS AND UPGRADES AT COUNCIL FACILITIES","1 - Ruwacon (Pty) Ltd. as Winner for Region 1
2 - Furipoint (Pty) Ltd. as Winner for Region 2
3 - Haw and Inglis Civil and Building (Pty) Ltd. as Standby for both Regions 1 and 2","Spatial Planning & Environment - MURP","SPATIAL PLANNING & ENVIRONMENT ",Appeals,2025-2026,2026-01-28,NULL,NULL,0,Approved,"Award: Highest Adjudication Points"
