ID,TTS Reference,Decision Reference,TTS Reference (lookup),Description,Vendor,BBBEE Level,Date of decision,Date Resolution Sent,Budget Value (Rates based),Value of Decision (Fixed),Condonation Value,Rates Based,Reason,Decision Code,Decision Comment,TTS:Implementing Director,TTS:Implementing Department,TTS:Status,Financial Year,Reg 45 Applicable,TTS:Commencement Date of Contract,TTS:Expiry Date of Contract,TTS:SAP Contract Number,TTS:Extended Expiry Date,S33 Award,Commencement Date of Contract,Expiry Date of Contract,Reg 45 Comments,Reason Sub-Category,City Manager Decision Date,SCM Practitioner,Project Manager,Days between BAC and Resolution,SCMB Number Check,SCM Reg 45 Award,TTS Reference (lookup):Project Description,TTS Reference (lookup):SCM Rep,TTS Reference (lookup):c_Awarded to,TTS Reference (lookup):Internal Project Manager,TTS Reference (lookup):Internal Project Manager 3 Email,UseTenderNum,Replacement pages required at BAC,No written responses received to BAC comments,Item Type,Path,
3387,318S/2024/25,SCMB 05/01/26,318S/2024/25,PANEL OF LEGAL SERVICE PROVIDERS FOR CONVEYANCING SERVICES ON AN AS-AND-WHEN REQUIRED BASIS,,,2026/01/19,,,,,N/A,Cancellation,Approved,,ECONOMIC GROWTH ,ECONOMIC GROWTH - Property Transactions,20. Cancelled,2025-2026,,,,,,FALSE,,,,,,,,missing date,,,PANEL OF LEGAL SERVICE PROVIDERS FOR CONVEYANCING SERVICES ON AN AS-AND-WHEN–REQUIRED BASIS,Thando Sindaphi,,Shelton Nhiwatiwa,,318S/2024/25,No,No,Item,sites/tendertracking/Lists/SCMBAC Awards Register,
3388,041C/2024/25,SCMB 06/01/26,041C/2024/25,"PANEL OF LEGAL SERVICE PROVIDERS FOR LEGAL SUPPORT, OPINIONS AND MISCELLANEOUS LEGAL SERVICES AS AND WHEN REQUIRED","Mamatela Attorneys Incorporated
Timothy and Timothy Inc Ua Timothy and Timothy Attorneys
Herold Gie & Broadhead Incorporated Ua Herold Gie Attorneys
Diale Mogashoa Inc
Von Lieres Cooper & Barlow
Salijee Govender van der Merwe Attorney Inc.
Riley Incorporated
CK Attorneys
Cluver Markotter Inc.
Cullinan and Associates Incorporated",,2026/01/19,,,,,,Preferred Bidder,Approved,,OFFICE OF THE CITY MANAGER ,Office of the City Manager - Legal Services,10. Preferred Bidder,2025-2026,,,,,,FALSE,,,,,,,,missing date,,,"Panel of legal service providers for legal support, opinions and miscellaneous legal services as and when required",Mohammed Beni,,Malibongwe Nyumbeka,,041C/2024/25,No,No,Item,sites/tendertracking/Lists/SCMBAC Awards Register,
3389,140G/2023/24,SCMB 07/01/26,140G/2023/24,Appointment of a panel of IT contractors for computer hardware peripherals for the City of Cape town,Madge Computers (Pty) Ltd t/a Madge Computers,,2026/01/19,,,,,Yes,Award: Highest Adjudication Points,Approved,,CORPORATE SERVICES ,Corporate Services - Information Systems & Technology,16. Active Contract,2025-2026,,2024-07-01 00:00:00,2027-06-30 00:00:00,4600016331; 4600016332; 4600016338; 4600016359; 4600016361; 4600016365; 4600016366; 4600016374; 4600016375; 4600016376; 4600016403,,FALSE,,,,,,,,missing date,,,Supply and Delivering of Computer Hardware Peripherals,Ryan Jonas,,Ettienne Lakay,,140G/2023/24,No,No,Item,sites/tendertracking/Lists/SCMBAC Awards Register,
3390,140G/2023/24,SCMB 08/01/26,140G/2023/24,Appointment of a panel of IT contractors for computer hardware peripherals for the City of Cape Town,Madge Computers (Pty) Ltd t/a Madge Computers,,2026/01/19,,,,,,Award: Highest Adjudication Points,Approved,,CORPORATE SERVICES ,Corporate Services - Information Systems & Technology,16. Active Contract,2025-2026,,2024-07-01 00:00:00,2027-06-30 00:00:00,4600016331; 4600016332; 4600016338; 4600016359; 4600016361; 4600016365; 4600016366; 4600016374; 4600016375; 4600016376; 4600016403,,FALSE,,,,,,,,missing date,,,Supply and Delivering of Computer Hardware Peripherals,Ryan Jonas,,Ettienne Lakay,,140G/2023/24,No,No,Item,sites/tendertracking/Lists/SCMBAC Awards Register,
3391,218S/2024/25,SCMB 09/01/26,218S/2024/25,APPOINTMENT OF AN ACCREDITED SERVICE PROVIDER TO PROVIDE IN-HOUSE COMPETENCE (NON-ACCREDITED) AND ACCREDITED (CREDIT BEARING) ADMINISTRATION AND GENERIC SKILLS TRAINING FOR THE CITY OF CAPE TOWN EMPLOYEES.,"Work Skills Resources CC
llearn Corporate Services (Pty) Ltd t/a iLeam",,2026/01/19,2026/01/21,,,,Yes,Award: Highest Adjudication Points,Approved,,CORPORATE SERVICES ,CORPORATE SERVICES - Human Resources ,12. Appeals,2025-2026,,,,,,FALSE,,,,,,,,2,,,APPOINTMENT OF AN ACCREDITED SERVICE PROVIDER TO PROVIDE IN-HOUSE COMPETENCE (NON-ACCREDITED) AND ACCREDITED (CREDIT BEARING) ADMINISTRATION AND GENERIC SKILLS TRAINING FOR THE CITY OF CAPE TOWN EMPLOYEES,Ryan Jonas,,Nozi Gwadiso,,218S/2024/25,No,No,Item,sites/tendertracking/Lists/SCMBAC Awards Register,
3392,242S/2023/24,SCMB 10/01/26,242S/2023/24,Appointment of a Panel of Service Providers for the Provision of SAP Services to the City of Cape Town. Project: Integration and Enhancement of PPM,"SP Practice Consulting Services (Pty) Ltd t/a SPPRACSpecialised 
Project",,2026/01/19,, R970 071.00 ,,,No,Award: Highest Adjudication Points,Approved,,CORPORATE SERVICES ,Corporate Services - Information Systems & Technology,16. Active Contract,2025-2026,,2025-11-01 00:00:00,2028-06-30 00:00:00,"4600017845, 4600017680, 4600017200, 4600017204, 4600017202, 4600017203",2025-07-02 00:00:00,FALSE,,,,,,,,missing date,,,Appointment of a Panel of Service Providers for the Provision of SAP Services to the City of Cape Town,Ryan Jonas,,Adri Janse van Rensburg,,242S/2023/24,No,No,Item,sites/tendertracking/Lists/SCMBAC Awards Register,
3393,107Q/2018/19,SCMB 11/01/26,107Q/2018/19,TENDER FOR CIVIL ENGINEERING WORKS WITHIN THE CITY OF CAPE TOWN.,Nejeni Construction and Project Management (Pty) Ltd,,2026/01/19,,,,,N/A,Expansion,Approved,,HUMAN SETTLEMENTS ,Human Settlements - Informal Settlements,16. Active Contract,2025-2026,,2021-02-11 00:00:00,2026-02-10 00:00:00,4600011251,,FALSE,,,,,,,,missing date,,,Term tender for civil engineering works in informal settlements.,Thembi Gumede,,Diaan Rangole,Siraaj.Samsodien@capetown.gov.za,107Q/2018/19,No,No,Item,sites/tendertracking/Lists/SCMBAC Awards Register,
3394,324S/2024/25,SCMB 12/01/26,324S/2024/25,"SUPPLY, INSTALL AND MAINTAIN AN INFORMATION TECHNOLOGY SERVICE MANAGEMENT (ITSM) SOLUTION","Quintica SA (Pty) Ltd 
Columbus Technologies (Pty) Ltd",,2026/01/19,,,,,N/A,Preferred Bidder,Approved,,CORPORATE SERVICES ,Corporate Services - Information Systems & Technology,11. Report Ready,2025-2026,,,,,,FALSE,,,,,,,,missing date,,,Core Applications Review: Procurement of IT Service Management (ITSM) Solution,Sipho Dike,,Ammon Niewenhuis,,324S/2024/25,No,No,Item,sites/tendertracking/Lists/SCMBAC Awards Register,
3395,068C/2019/20,SCMB 13/01/26,068C/2019/20,AMENDMENT OF CONTRACT NO. 68C/2019/20: PROVISION OF PROFESSIONAL SERVICES FOR THE DETAILED DESIGN AND CONSTRUCTION MONITORING OF THE GORDONS BAY SEWER PUMP STATION AND RISING MAIN,Zutari (Pty) Ltd,,2026/01/19,, R12 135 544.87 ,,,N/A,Amendment,Approved,,WATER & SANITATION ,Water & Sanitation - Distribution Services,16. Active Contract,2025-2026,,2020-07-01 00:00:00,2025-06-30 00:00:00,4600010464,2026-09-09 00:00:00,FALSE,,,,,,,,missing date,,,Provision of Professional Services for the  Detailed Design and Construction Monitoring of the Gordon’s Bay Sewer Pump Station and Rising Main,Ayanda Walter Mili,,Jaco Koen,Charl.Moller@capetown.gov.za,068C/2019/20,No,No,Item,sites/tendertracking/Lists/SCMBAC Awards Register,
3396,271Q/2022/23,SCMB 14/01/26,271Q/2022/23,AMENDMENT OF CONTRACT NO. 271 Q/2022/23: CONSTRUCTION OF GORDON'S BAY SEWAGE PUMP STATION AND RISING MAIN,Asla Construction (Pty) Ltd.,,2026/01/19,, R16 557 459.55 ,,,N/A,Amendment,Approved,,WATER & SANITATION ,Water & Sanitation - Distribution Services,16. Active Contract,2025-2026,,2024-02-09 00:00:00,2025-08-08 00:00:00,4600015496,,FALSE,,,,,,,,missing date,,,CONSTRUCTION OF GORDONS BAY SEWER PUMPSTATION AT GORDON'S BAY WWTWS AND RISING MAIN,Nkosana Christian Mkhosana,,Jaco Koen,,271Q/2022/23,No,No,Item,sites/tendertracking/Lists/SCMBAC Awards Register,
3397,295G//2024/25,SCMB 19/01/26,295G/2024/25,EXTENSION OF THE SUPPLY AND DELIVERY OF ELECTRICITY METERS,,,2026/01/26,2026/01/30,,,,,Cancellation,Approved,,ENERGY ,Energy - Electricity Generation & Distribution,20. Cancelled,2025-2026,,,,,,FALSE,,,,,,Sinethemba Ernest Mpata,Eugene Coetzee,4,,,The extension for the Supply and Delivery for Electricity Meters,Sinethemba Ernest Mpata,,Eugene Coetzee,,295G/2024/25,No,No,Item,sites/tendertracking/Lists/SCMBAC Awards Register,
3398,048G/2025/26,SCMB 20/02/26,048G/2025/26,SUPPLY AND DELIVERY OF PERSONAL PROTECTIVE EQUIPMENT (CLOTHING) AND ACCESSORIES TO THE CITY OF CAPE TOWN ON AN ADHOC BASIS,"Priscilla Berenice Southgate t/a P.B Creations, Premesh Sastri Narismulu t/a Rainmaker Trading, Mosuli Consultants (Pty) Ltd. t/a Sakhelene (Pty) Ltd., Memotek Trading CC, KTP Procurement & Logistics CC t/a KTP Procurement & Safety Supplies (Main), lntergrum Global Solutions (Pty) Ltd., African Compass Trading 288 CC t/a Innovative Networking, and Uhambo Procurement and Distribution (Main Offer)",,2026/01/26,2026/01/30,,,,,Preferred Bidder,Approved,,FINANCE ,FINANCE - Supply Chain Management,11. Report Ready,2025-2026,,,,,,FALSE,,,,,,Jamie Leigh Alexander,Ashwill Botha,4,,,Supply and delivery of Personal Protective Equipment (PPE Clothing) and Accessories,Jamie Leigh Alexander,,Shrinivasan Govender,,048G/2025/26,No,No,Item,sites/tendertracking/Lists/SCMBAC Awards Register,
3399,059G/2025/26,SCMB 21/01/26,059G/2025/26,SUPPLY AND DELIVERY OF VARIOUS MOTORCYCLES AND ALL-TERRAIN VEHICLES TO THE CITY OF CAPE TOWN ON AN AD-HOC BASIS,Donford (Pty) Ltd. t/a BMW Motorrad Stellenbosch,,2026/01/26,2026/01/30,,,,Yes,Award: Highest Adjudication Points,Approved,,CORPORATE SERVICES ,CORPORATE SERVICES - Fleet Management,12. Appeals,2025-2026,,,,,,FALSE,,,,,,Etumeleng Sekese,Mogamat Taariq Abrahams,4,,,Supply and Delivery of Vaious Motor Cycles and All-Terrain Vehicles ,Neihom Gerwel,,Etumeleng Sekese,,059G/2025/26,No,No,Item,sites/tendertracking/Lists/SCMBAC Awards Register,
3400,239G/2024/25,SCMB 22/01/26,239G/2024/25,SUPPLY AND DELIVERY OF CLEANING MATERIALS ON AN AD-HOC BASIS ,"Kwapele Basadi-Cleanit CC, Tridentchem (Pty) Ltd. and SSG Cleaning (Pty) Ltd.",,2026/01/26,2026/01/30,,,,,Preferred Bidder,Approved,,FINANCE ,Finance - Supply Chain Management,10. Preferred Bidder,2025-2026,,,,,,FALSE,,,,,,Jamie Leigh Alexander,Ashwill Botha,4,,,Supply and Delivery of Cleaning Materials,Jamie Leigh Alexander,,Joseph Xolisa Mbongo,,239G/2024/25,No,No,Item,sites/tendertracking/Lists/SCMBAC Awards Register,
3401,326G/2024/25,SCMB 23/01/26,326G/2024/25,SUPPLY AND DELIVERY OF VARIOUS LIGHT COMMERCIAL AND PASSENGER VEHICLES ,"Bellmo Trans (Pty) Ltd. t/a Protea Toyota, Rapitrade 248 (Pty) Ltd., Isuzu Truck Centre (Pty) Ltd.",,2026/01/26,2026/01/30,,,,Yes,Award: Highest Adjudication Points,Approved,,CORPORATE SERVICES ,CORPORATE SERVICES - Fleet Management,11. Report Ready,2025-2026,,,,,,FALSE,,,,,,Neihom Isaacs Gerwel,Charles Abrahams,4,,,Supply and Delivery of Various Light Commercial and Passenger Vehicles (supplementary tender),Neihom Gerwel,,Moegamat Taahir Jacobs,,326G/2024/25,No,No,Item,sites/tendertracking/Lists/SCMBAC Awards Register,
3402,007Q/2025/266,SCMB 24/01/26,007Q/2025/26,"BLUEBERRY HILL HOUSING PROJECT: CONSTRUCTION OF CIVIL AND ELECTRICAL INFRASTRUCTURE FOR ERF RE/1901, STAGE 1",,,2026/01/26,,,,,,Award: Highest Adjudication Points,Referred Back,"?RESOLVED that the matter be REFERRED BACK in terms of the comm?ents raised.?
",HUMAN SETTLEMENTS ,HUMAN SETTLEMENTS - Housing Development,11. Report Ready,2025-2026,,,,,,FALSE,,,,,,Jamie Leigh Alexander,Yumnah Amien,missing date,,,Blueberry Hill Phase 1 A,Jamie Leigh Alexander,,Yumnah Amien,,007Q/2025/26,No,No,Item,sites/tendertracking/Lists/SCMBAC Awards Register,
3403,037S/2025/26,SCMB 25/01/26,037S/2025/26,"MAINTENANCE, CALIBRATION AND REPAIRS OF ELECTRICAL MEASURING AND TEST EQUIPMENT ",Southern Africa Fault Location (Pty) Ltd.,,2026/01/26,2026/01/30,,,,Yes,Award: Highest Adjudication Points,Approved,,ENERGY ,ENERGY - Electricity Generation & Distribution ,12. Appeals,2025-2026,,,,,,FALSE,,,,,,Vhahangwele Thandavhathu,Monwabisi Bana,4,,,"MAINTENANCE, CALIBRATION AND REPAIRS OF ELECTRICAL MEASURING AND TEST EQUIPMENT",Vhahangwele Thandavhathu,,Monwabisi Bana,,037S/2025/26,No,No,Item,sites/tendertracking/Lists/SCMBAC Awards Register,
3404,055S/2025/26,SCMB 26/01/26,055S/2025/26,"PANEL TENDER FOR THE CUSTOMISATION AND CONVERSION OF CCT PASSENGER LIGHT, HEAVY, COMMERCIAL AND ALL-TERRAIN VEHICLES",Pad Panelbeaters CC t/a PAD Autobody and Ramcom Cape (Pty) Ltd.,,2026/01/26,2026/01/30,,,,Yes,Award: New Panel,Approved,,CORPORATE SERVICES ,CORPORATE SERVICES - Fleet Management,12. Appeals,2025-2026,,,,,,FALSE,,,,,,Etumeleng Sekese,Mogamat Taariq Abrahams,4,,,Panel tender for the customization & conversion of CCT passenger and light commercial vehicles,Neihom Gerwel,,Unathi Magula,,055S/2025/26,No,No,Item,sites/tendertracking/Lists/SCMBAC Awards Register,
3405,067S/2025/26,SCMB 27/01/26,067S/2025/26,"CALIBRATING, SERVICING AND REPAIRS OF MEDICAL EQUIPMENT FOR THE CITY OF CAPE TOWN FACILITIES",Bioworld Medical SA (Pty) Ltd. t/a Bioworld SA,,2026/01/26,2026/01/30,,,,,Preferred Bidder,Approved,,COMMUNITY SERVICES & HEALTH ,COMMUNITY SERVICES & HEALTH - City Health,09. Drafting PB Report,2025-2026,,,,,,FALSE,,,,,,Lucia Esterhuizen,Anzil Sampson,4,,,"Calibrating, Servicing and Repairs of Medical Equipment for City of Cape Town Facilities",Lucia Esterhuizen,,Faizel Holliday,,067S/2025/26,No,No,Item,sites/tendertracking/Lists/SCMBAC Awards Register,
3406,075S/2025/26,SCMB 28/01/26,075S/2025/26,PROVISION OF A SERVICE SOLUTION TO PROVIDE ACOUSTIC SURVEILLANCE FOR GUNSHOT DETECTION,Shotspotter (Pty) Ltd.,,2026/01/26,2026/01/30,,,,,Preferred Bidder,Approved,,SAFETY & SECURITY ,SAFETY & SECURITY - Metropolitan Police Services,09. Drafting PB Report,2025-2026,,,,,,FALSE,,,,,,Lucia Esterhuizen,Barry Schuller,4,,,PROVISION OF A SERVICE SOLUTION TO PROVIDE ACOUSTIC SURVEILLANCE FOR GUNSHOT DETECTON,Lucia Esterhuizen,,Barry Schuller,,075S/2025/26,No,No,Item,sites/tendertracking/Lists/SCMBAC Awards Register,
3407,081S/2025/26,SCMB 29/01/26,081S/2025/26,"SUPPLY, INSTALLATION AND MAINTENANCE OF AN AUDIT ELECTRONIC WORKING PAPER SOLUTION",IDI Technology Solutions (Pty) Ltd.,,2026/01/26,2026/01/30,,,,,Award: Highest Adjudication Points,Approved,,OFFICE OF THE CITY MANAGER ,OFFICE OF THE CITY MANAGER - Internal Audit,12. Appeals,2025-2026,,,,,,FALSE,,,,,,Lynne Du Preez,Sayed Mohamed,4,,,Electronic Audit Working Paper software solution,Lynne Du Preez,,Daniel Philemon Meso,,081S/2025/26,No,No,Item,sites/tendertracking/Lists/SCMBAC Awards Register,
3408,242S/2023/24,SCMB 30/01/26,242S/2023/24,APPOINTMENT OF A PANEL OF SERVICE PROVIDERS FOR THE PROVISION OF SAP SERVICES TO THE CITY OF CAPE TOWN: PROJECT: CONTRACT MANAGEMENT SYSTEM INTEGRATION 4.0,SP Practice Consulting Services (Pty) Ltd. t/a SPPRAC – Specialised Project,,2026/01/26,2026/01/30,, R13 466 765.00 ,,No,Award: New Panel,Approved,,CORPORATE SERVICES ,Corporate Services - Information Systems & Technology,16. Active Contract,1899-1900,,2025-11-01 00:00:00,2028-06-30 00:00:00,"4600017845, 4600017680, 4600017200, 4600017204, 4600017202, 4600017203",2025-07-02 00:00:00,FALSE,,,,,,Ryan Giberthan Jonas,Kyle Thebus,missing date,,,Appointment of a Panel of Service Providers for the Provision of SAP Services to the City of Cape Town,Ryan Jonas,,Adri Janse van Rensburg,,242S/2023/24,No,No,Item,sites/tendertracking/Lists/SCMBAC Awards Register,
3409,155C/2022/23,SCMB 31/01/26,155C/2022/23,"PROVISION OF PROFESSIONAL SERVICES: PLANNING, PRELIMINARY DESIGN, CONCEPT DESIGN, DETAILED DESIGN, TENDER DOCUMENTATION AND CONSTRUCTION SUPERVISION FOR A CITY-WIDE PUBLIC TRANSPORT INFRASTRUCTURE PROGRAMME AND RELATED INFRASTRUCTUREc","Knight Piesold (Pty) Ltd. (Region East), Ensync Engineers (Pty) Ltd. previously PHB Engineers (Pty) Ltd. (Region South), MPAMOT Africa (Pty) Ltd./ EAS Infrastructure Engineers (Pty) Ltd. JV (Region North), OWS Civils (Pty) Ltd. (Region Central) as Main Contractors and Siroccon International (Pty) Ltd. (Region East), SMEC South Africa (Pty) Ltd. (Region South) and Ralema Consulting Engineers (Pty) Ltd. (Region North) as Standby Contractors.",,2026/01/26,2026/01/30,,,,,Amendment,Approved,,URBAN MOBILITY ,URBAN MOBILITY - Transport Planning & Network Management ,16. Active Contract,2025-2026,,2024-07-04 00:00:00,2031-07-03 00:00:00,,,FALSE,,,,,,Juliet Rudolph,Michelle Durnez,4,,,"Provision of Professional Services: Planning, Preliminary Design, Concept Design, Detailed Design, Tender Documentation, and Construction Supervision for a City Wide Transport Infrastructure Programme",Neihom Gerwel,,Feizal Salie,,155C/2022/23,No,No,Item,sites/tendertracking/Lists/SCMBAC Awards Register,
3410,027Q/2022/23 ,SCMB 35/01/26,027Q/2022/23,"TERM TENDER FOR BUILDING MAINTENANCE, ALTERATIONS AND UPGRADES AT COUNCIL FACILITIES","1 - Ruwacon (Pty) Ltd. as Winner for Region 1
2 - Furipoint (Pty) Ltd. as Winner for Region 2
3 - Haw and Inglis Civil and Building (Pty) Ltd. as Standby for both Regions 1 and 2",,2026/01/28,2026/01/30,,,,Yes,Award: Highest Adjudication Points,Approved,,SPATIAL PLANNING & ENVIRONMENT ,Spatial Planning & Environment - MURP,12. Appeals,2025-2026,,2023-09-01 00:00:00,2026-06-30 00:00:00,"4600015250, 4600015251, 4600015253, 4600015254",,FALSE,,,,,,Lucia Esterhuizen,Alastair Graham,2,,,"TERM TENDER FOR REPAIRS, MAINTENANCE & UPGRADES IN ORDER TO SUPPORT AND ASSIST VARIOUS INITIATIVES ACCROSS THE CITY OF CAPE TOWN",Lucia Esterhuizen,,Andreas Gensicke,,027Q/2022/23,No,No,Item,sites/tendertracking/Lists/SCMBAC Awards Register,
